id,name,nickname,avatar_url,is_active,created_at,updated_at
arana,Araña,,,true,2026-02-03 05:59:44.786166+00,2026-02-03 05:59:44.786166+00
ari,Ari,,,true,2026-02-03 05:59:44.786166+00,2026-02-03 05:59:44.786166+00
bochy,Bochy,,,true,2026-02-03 05:59:44.786166+00,2026-02-03 05:59:44.786166+00
bruno,Bruno,,,true,2026-02-03 05:59:44.786166+00,2026-02-03 05:59:44.786166+00
cachi,Cachi,,,true,2026-02-03 05:59:44.786166+00,2026-02-03 05:59:44.786166+00
charly,Charly,,,true,2026-02-03 05:59:44.786166+00,2026-02-03 05:59:44.786166+00
chelo,Chelo,,,true,2026-02-03 05:59:44.786166+00,2026-02-03 05:59:44.786166+00
dieguito,Dieguito,,,true,2026-02-03 05:59:44.786166+00,2026-02-03 05:59:44.786166+00
dipi,Dipi,,,true,2026-02-03 05:59:44.786166+00,2026-02-03 05:59:44.786166+00
fechele,Fechele,,,true,2026-02-03 05:59:44.786166+00,2026-02-03 05:59:44.786166+00
fff,FFF,,,true,2026-02-03 05:59:44.786166+00,2026-02-03 05:59:44.786166+00
franm,Fran M,,,true,2026-02-03 05:59:44.786166+00,2026-02-03 05:59:44.786166+00
gabo,Gabo,,,true,2026-02-03 05:59:44.786166+00,2026-02-03 05:59:44.786166+00
galle,Galle,,,true,2026-02-03 05:59:44.786166+00,2026-02-03 05:59:44.786166+00
gianni,Gianni,,,true,2026-02-03 05:59:44.786166+00,2026-02-03 05:59:44.786166+00
gonza,Gonza,,,true,2026-02-03 05:59:44.786166+00,2026-02-03 05:59:44.786166+00
grosman,Grosman,,,true,2026-02-03 05:59:44.786166+00,2026-02-03 05:59:44.786166+00
guille,Guille,,,true,2026-02-03 20:26:15.23206+00,2026-02-03 20:26:15.23206+00
halcon,Halcón,,,true,2026-02-03 05:59:44.786166+00,2026-02-03 05:59:44.786166+00
hernan,Hernan,,,true,2026-02-03 05:59:44.786166+00,2026-02-03 05:59:44.786166+00
jero,Jero,,,true,2026-02-03 05:59:44.786166+00,2026-02-03 05:59:44.786166+00
juliopan,Julio Pan,,,true,2026-02-03 05:59:44.786166+00,2026-02-03 05:59:44.786166+00
lean,Lean,,,true,2026-02-03 05:59:44.786166+00,2026-02-03 05:59:44.786166+00
mou,Mou,,,true,2026-02-03 05:59:44.786166+00,2026-02-03 05:59:44.786166+00
nahue,Nahue,,,true,2026-02-03 05:59:44.786166+00,2026-02-03 05:59:44.786166+00
naka,Naka,,,true,2026-02-03 05:59:44.786166+00,2026-02-03 05:59:44.786166+00
nato,Nato,,,true,2026-02-03 05:59:44.786166+00,2026-02-03 05:59:44.786166+00
orfa,Orfa,,,true,2026-02-03 05:59:44.786166+00,2026-02-03 05:59:44.786166+00
pep,Pep,,,true,2026-02-03 05:59:44.786166+00,2026-02-03 05:59:44.786166+00
peta,Peta,,,true,2026-02-03 05:59:44.786166+00,2026-02-03 05:59:44.786166+00
rasta,Rasta,,,true,2026-02-03 05:59:44.786166+00,2026-02-03 05:59:44.786166+00
ruso,Ruso,,,true,2026-02-03 05:59:44.786166+00,2026-02-03 05:59:44.786166+00
santi,Santi,,,true,2026-02-03 05:59:44.786166+00,2026-02-03 05:59:44.786166+00
santiman,Santiman,,,true,2026-02-03 05:59:44.786166+00,2026-02-03 05:59:44.786166+00
santini,Santini,,,true,2026-02-03 05:59:44.786166+00,2026-02-03 05:59:44.786166+00
shark,Shark,,,true,2026-02-03 05:59:44.786166+00,2026-02-03 05:59:44.786166+00
sherley,Sherley,,,true,2026-02-03 05:59:44.786166+00,2026-02-03 05:59:44.786166+00
tala,Tala,,,true,2026-02-03 05:59:44.786166+00,2026-02-03 05:59:44.786166+00
tate,Tate,,,true,2026-02-03 05:59:44.786166+00,2026-02-03 05:59:44.786166+00
teto,Teto,,,true,2026-02-03 05:59:44.786166+00,2026-02-03 05:59:44.786166+00
tinchob,Tincho B,,,true,2026-02-03 05:59:44.786166+00,2026-02-03 05:59:44.786166+00
toti,Toti,,,true,2026-02-03 05:59:44.786166+00,2026-02-03 05:59:44.786166+00
woody,Woody,,,true,2026-02-03 05:59:44.786166+00,2026-02-03 05:59:44.786166+00
yamo,Yamo,,,true,2026-02-03 05:59:44.786166+00,2026-02-03 05:59:44.786166+00
yeti,Yeti,,,true,2026-02-03 05:59:44.786166+00,2026-02-03 05:59:44.786166+00
ysy,Ysy,,,true,2026-02-03 05:59:44.786166+00,2026-02-03 05:59:44.786166+00